source,domain,url,label
tranco_plus,site0.trusted-source.example,https://site0.trusted-source.example/,0
tranco_plus,site1.trusted-source.example,https://site1.trusted-source.example/products?page=2,0
tranco_plus,site2.trusted-source.example,https://site2.trusted-source.example/about/company,0
tranco_plus,site3.trusted-source.example,https://site3.trusted-source.example/blog/post-1003,0
tranco_plus,site4.trusted-source.example,https://site4.trusted-source.example/,0
tranco_plus,site5.trusted-source.example,https://site5.trusted-source.example/products?page=6,0
tranco_plus,site6.trusted-source.example,https://site6.trusted-source.example/about/company,0
tranco_plus,site7.trusted-source.example,https://site7.trusted-source.example/blog/post-1007,0
tranco_plus,site8.trusted-source.example,https://site8.trusted-source.example/,0
tranco_plus,site9.trusted-source.example,https://site9.trusted-source.example/products?page=10,0
tranco_plus,site10.trusted-source.example,https://site10.trusted-source.example/about/company,0
tranco_plus,site11.trusted-source.example,https://site11.trusted-source.example/blog/post-1011,0
tranco_plus,site12.trusted-source.example,https://site12.trusted-source.example/,0
tranco_plus,site13.trusted-source.example,https://site13.trusted-source.example/products?page=14,0
tranco_plus,site14.trusted-source.example,https://site14.trusted-source.example/about/company,0
tranco_plus,site15.trusted-source.example,https://site15.trusted-source.example/blog/post-1015,0
tranco_plus,site16.trusted-source.example,https://site16.trusted-source.example/,0
tranco_plus,site17.trusted-source.example,https://site17.trusted-source.example/products?page=18,0
tranco_plus,site18.trusted-source.example,https://site18.trusted-source.example/about/company,0
tranco_plus,site19.trusted-source.example,https://site19.trusted-source.example/blog/post-1019,0
tranco_plus,site20.trusted-source.example,https://site20.trusted-source.example/,0
tranco_plus,site21.trusted-source.example,https://site21.trusted-source.example/products?page=22,0
tranco_plus,site22.trusted-source.example,https://site22.trusted-source.example/about/company,0
tranco_plus,site23.trusted-source.example,https://site23.trusted-source.example/blog/post-1023,0
tranco_plus,site24.trusted-source.example,https://site24.trusted-source.example/,0
tranco_plus,site25.trusted-source.example,https://site25.trusted-source.example/products?page=26,0
tranco_plus,site26.trusted-source.example,https://site26.trusted-source.example/about/company,0
tranco_plus,site27.trusted-source.example,https://site27.trusted-source.example/blog/post-1027,0
tranco_plus,site28.trusted-source.example,https://site28.trusted-source.example/,0
tranco_plus,site29.trusted-source.example,https://site29.trusted-source.example/products?page=30,0
tranco_plus,site30.trusted-source.example,https://site30.trusted-source.example/about/company,0
tranco_plus,site31.trusted-source.example,https://site31.trusted-source.example/blog/post-1031,0
tranco_plus,site32.trusted-source.example,https://site32.trusted-source.example/,0
tranco_plus,site33.trusted-source.example,https://site33.trusted-source.example/products?page=34,0
tranco_plus,site34.trusted-source.example,https://site34.trusted-source.example/about/company,0
tranco_plus,site35.trusted-source.example,https://site35.trusted-source.example/blog/post-1035,0
tranco_plus,site36.trusted-source.example,https://site36.trusted-source.example/,0
tranco_plus,site37.trusted-source.example,https://site37.trusted-source.example/products?page=38,0
tranco_plus,site38.trusted-source.example,https://site38.trusted-source.example/about/company,0
tranco_plus,site39.trusted-source.example,https://site39.trusted-source.example/blog/post-1039,0
tranco_plus,site40.trusted-source.example,https://site40.trusted-source.example/,0
tranco_plus,site41.trusted-source.example,https://site41.trusted-source.example/products?page=42,0
tranco_plus,site42.trusted-source.example,https://site42.trusted-source.example/about/company,0
tranco_plus,site43.trusted-source.example,https://site43.trusted-source.example/blog/post-1043,0
tranco_plus,site44.trusted-source.example,https://site44.trusted-source.example/,0
tranco_plus,site45.trusted-source.example,https://site45.trusted-source.example/products?page=46,0
tranco_plus,site46.trusted-source.example,https://site46.trusted-source.example/about/company,0
tranco_plus,site47.trusted-source.example,https://site47.trusted-source.example/blog/post-1047,0
tranco_plus,site48.trusted-source.example,https://site48.trusted-source.example/,0
tranco_plus,site49.trusted-source.example,https://site49.trusted-source.example/products?page=50,0
tranco_plus,site50.trusted-source.example,https://site50.trusted-source.example/about/company,0
tranco_plus,site51.trusted-source.example,https://site51.trusted-source.example/blog/post-1051,0
tranco_plus,site52.trusted-source.example,https://site52.trusted-source.example/,0
tranco_plus,site53.trusted-source.example,https://site53.trusted-source.example/products?page=54,0
tranco_plus,site54.trusted-source.example,https://site54.trusted-source.example/about/company,0
tranco_plus,site55.trusted-source.example,https://site55.trusted-source.example/blog/post-1055,0
tranco_plus,site56.trusted-source.example,https://site56.trusted-source.example/,0
tranco_plus,site57.trusted-source.example,https://site57.trusted-source.example/products?page=58,0
tranco_plus,site58.trusted-source.example,https://site58.trusted-source.example/about/company,0
tranco_plus,site59.trusted-source.example,https://site59.trusted-source.example/blog/post-1059,0
tranco_plus,site60.trusted-source.example,https://site60.trusted-source.example/,0
tranco_plus,site61.trusted-source.example,https://site61.trusted-source.example/products?page=62,0
tranco_plus,site62.trusted-source.example,https://site62.trusted-source.example/about/company,0
tranco_plus,site63.trusted-source.example,https://site63.trusted-source.example/blog/post-1063,0
tranco_plus,site64.trusted-source.example,https://site64.trusted-source.example/,0
tranco_plus,site65.trusted-source.example,https://site65.trusted-source.example/products?page=66,0
tranco_plus,site66.trusted-source.example,https://site66.trusted-source.example/about/company,0
tranco_plus,site67.trusted-source.example,https://site67.trusted-source.example/blog/post-1067,0
tranco_plus,site68.trusted-source.example,https://site68.trusted-source.example/,0
tranco_plus,site69.trusted-source.example,https://site69.trusted-source.example/products?page=70,0
tranco_plus,site70.trusted-source.example,https://site70.trusted-source.example/about/company,0
tranco_plus,site71.trusted-source.example,https://site71.trusted-source.example/blog/post-1071,0
tranco_plus,site72.trusted-source.example,https://site72.trusted-source.example/,0
tranco_plus,site73.trusted-source.example,https://site73.trusted-source.example/products?page=74,0
tranco_plus,site74.trusted-source.example,https://site74.trusted-source.example/about/company,0
tranco_plus,site75.trusted-source.example,https://site75.trusted-source.example/blog/post-1075,0
tranco_plus,site76.trusted-source.example,https://site76.trusted-source.example/,0
tranco_plus,site77.trusted-source.example,https://site77.trusted-source.example/products?page=78,0
tranco_plus,site78.trusted-source.example,https://site78.trusted-source.example/about/company,0
tranco_plus,site79.trusted-source.example,https://site79.trusted-source.example/blog/post-1079,0
tranco_plus,site80.trusted-source.example,https://site80.trusted-source.example/,0
tranco_plus,site81.trusted-source.example,https://site81.trusted-source.example/products?page=82,0
tranco_plus,site82.trusted-source.example,https://site82.trusted-source.example/about/company,0
tranco_plus,site83.trusted-source.example,https://site83.trusted-source.example/blog/post-1083,0
tranco_plus,site84.trusted-source.example,https://site84.trusted-source.example/,0
tranco_plus,site85.trusted-source.example,https://site85.trusted-source.example/products?page=86,0
tranco_plus,site86.trusted-source.example,https://site86.trusted-source.example/about/company,0
tranco_plus,site87.trusted-source.example,https://site87.trusted-source.example/blog/post-1087,0
tranco_plus,site88.trusted-source.example,https://site88.trusted-source.example/,0
tranco_plus,site89.trusted-source.example,https://site89.trusted-source.example/products?page=90,0
tranco_plus,site90.trusted-source.example,https://site90.trusted-source.example/about/company,0
tranco_plus,site91.trusted-source.example,https://site91.trusted-source.example/blog/post-1091,0
tranco_plus,site92.trusted-source.example,https://site92.trusted-source.example/,0
tranco_plus,site93.trusted-source.example,https://site93.trusted-source.example/products?page=94,0
tranco_plus,site94.trusted-source.example,https://site94.trusted-source.example/about/company,0
tranco_plus,site95.trusted-source.example,https://site95.trusted-source.example/blog/post-1095,0
tranco_plus,site96.trusted-source.example,https://site96.trusted-source.example/,0
tranco_plus,site97.trusted-source.example,https://site97.trusted-source.example/products?page=1,0
tranco_plus,site98.trusted-source.example,https://site98.trusted-source.example/about/company,0
tranco_plus,site99.trusted-source.example,https://site99.trusted-source.example/blog/post-1099,0
tranco_plus,site100.trusted-source.example,https://site100.trusted-source.example/,0
tranco_plus,site101.trusted-source.example,https://site101.trusted-source.example/products?page=5,0
tranco_plus,site102.trusted-source.example,https://site102.trusted-source.example/about/company,0
tranco_plus,site103.trusted-source.example,https://site103.trusted-source.example/blog/post-1103,0
tranco_plus,site104.trusted-source.example,https://site104.trusted-source.example/,0
tranco_plus,site105.trusted-source.example,https://site105.trusted-source.example/products?page=9,0
tranco_plus,site106.trusted-source.example,https://site106.trusted-source.example/about/company,0
tranco_plus,site107.trusted-source.example,https://site107.trusted-source.example/blog/post-1107,0
tranco_plus,site108.trusted-source.example,https://site108.trusted-source.example/,0
tranco_plus,site109.trusted-source.example,https://site109.trusted-source.example/products?page=13,0
tranco_plus,site110.trusted-source.example,https://site110.trusted-source.example/about/company,0
tranco_plus,site111.trusted-source.example,https://site111.trusted-source.example/blog/post-1111,0
tranco_plus,site112.trusted-source.example,https://site112.trusted-source.example/,0
tranco_plus,site113.trusted-source.example,https://site113.trusted-source.example/products?page=17,0
tranco_plus,site114.trusted-source.example,https://site114.trusted-source.example/about/company,0
tranco_plus,site115.trusted-source.example,https://site115.trusted-source.example/blog/post-1115,0
tranco_plus,site116.trusted-source.example,https://site116.trusted-source.example/,0
tranco_plus,site117.trusted-source.example,https://site117.trusted-source.example/products?page=21,0
tranco_plus,site118.trusted-source.example,https://site118.trusted-source.example/about/company,0
tranco_plus,site119.trusted-source.example,https://site119.trusted-source.example/blog/post-1119,0
tranco_plus,site120.trusted-source.example,https://site120.trusted-source.example/,0
tranco_plus,site121.trusted-source.example,https://site121.trusted-source.example/products?page=25,0
tranco_plus,site122.trusted-source.example,https://site122.trusted-source.example/about/company,0
tranco_plus,site123.trusted-source.example,https://site123.trusted-source.example/blog/post-1123,0
tranco_plus,site124.trusted-source.example,https://site124.trusted-source.example/,0
tranco_plus,site125.trusted-source.example,https://site125.trusted-source.example/products?page=29,0
tranco_plus,site126.trusted-source.example,https://site126.trusted-source.example/about/company,0
tranco_plus,site127.trusted-source.example,https://site127.trusted-source.example/blog/post-1127,0
tranco_plus,site128.trusted-source.example,https://site128.trusted-source.example/,0
tranco_plus,site129.trusted-source.example,https://site129.trusted-source.example/products?page=33,0
tranco_plus,site130.trusted-source.example,https://site130.trusted-source.example/about/company,0
tranco_plus,site131.trusted-source.example,https://site131.trusted-source.example/blog/post-1131,0
tranco_plus,site132.trusted-source.example,https://site132.trusted-source.example/,0
tranco_plus,site133.trusted-source.example,https://site133.trusted-source.example/products?page=37,0
tranco_plus,site134.trusted-source.example,https://site134.trusted-source.example/about/company,0
tranco_plus,site135.trusted-source.example,https://site135.trusted-source.example/blog/post-1135,0
tranco_plus,site136.trusted-source.example,https://site136.trusted-source.example/,0
tranco_plus,site137.trusted-source.example,https://site137.trusted-source.example/products?page=41,0
tranco_plus,site138.trusted-source.example,https://site138.trusted-source.example/about/company,0
tranco_plus,site139.trusted-source.example,https://site139.trusted-source.example/blog/post-1139,0
tranco_plus,site140.trusted-source.example,https://site140.trusted-source.example/,0
tranco_plus,site141.trusted-source.example,https://site141.trusted-source.example/products?page=45,0
tranco_plus,site142.trusted-source.example,https://site142.trusted-source.example/about/company,0
tranco_plus,site143.trusted-source.example,https://site143.trusted-source.example/blog/post-1143,0
tranco_plus,site144.trusted-source.example,https://site144.trusted-source.example/,0
tranco_plus,site145.trusted-source.example,https://site145.trusted-source.example/products?page=49,0
tranco_plus,site146.trusted-source.example,https://site146.trusted-source.example/about/company,0
tranco_plus,site147.trusted-source.example,https://site147.trusted-source.example/blog/post-1147,0
tranco_plus,site148.trusted-source.example,https://site148.trusted-source.example/,0
tranco_plus,site149.trusted-source.example,https://site149.trusted-source.example/products?page=53,0
tranco_plus,site150.trusted-source.example,https://site150.trusted-source.example/about/company,0
tranco_plus,site151.trusted-source.example,https://site151.trusted-source.example/blog/post-1151,0
tranco_plus,site152.trusted-source.example,https://site152.trusted-source.example/,0
tranco_plus,site153.trusted-source.example,https://site153.trusted-source.example/products?page=57,0
tranco_plus,site154.trusted-source.example,https://site154.trusted-source.example/about/company,0
tranco_plus,site155.trusted-source.example,https://site155.trusted-source.example/blog/post-1155,0
tranco_plus,site156.trusted-source.example,https://site156.trusted-source.example/,0
tranco_plus,site157.trusted-source.example,https://site157.trusted-source.example/products?page=61,0
tranco_plus,site158.trusted-source.example,https://site158.trusted-source.example/about/company,0
tranco_plus,site159.trusted-source.example,https://site159.trusted-source.example/blog/post-1159,0
tranco_plus,site160.trusted-source.example,https://site160.trusted-source.example/,0
tranco_plus,site161.trusted-source.example,https://site161.trusted-source.example/products?page=65,0
tranco_plus,site162.trusted-source.example,https://site162.trusted-source.example/about/company,0
tranco_plus,site163.trusted-source.example,https://site163.trusted-source.example/blog/post-1163,0
tranco_plus,site164.trusted-source.example,https://site164.trusted-source.example/,0
tranco_plus,site165.trusted-source.example,https://site165.trusted-source.example/products?page=69,0
tranco_plus,site166.trusted-source.example,https://site166.trusted-source.example/about/company,0
tranco_plus,site167.trusted-source.example,https://site167.trusted-source.example/blog/post-1167,0
tranco_plus,site168.trusted-source.example,https://site168.trusted-source.example/,0
tranco_plus,site169.trusted-source.example,https://site169.trusted-source.example/products?page=73,0
tranco_plus,site170.trusted-source.example,https://site170.trusted-source.example/about/company,0
tranco_plus,site171.trusted-source.example,https://site171.trusted-source.example/blog/post-1171,0
tranco_plus,site172.trusted-source.example,https://site172.trusted-source.example/,0
tranco_plus,site173.trusted-source.example,https://site173.trusted-source.example/products?page=77,0
tranco_plus,site174.trusted-source.example,https://site174.trusted-source.example/about/company,0
tranco_plus,site175.trusted-source.example,https://site175.trusted-source.example/blog/post-1175,0
tranco_plus,site176.trusted-source.example,https://site176.trusted-source.example/,0
tranco_plus,site177.trusted-source.example,https://site177.trusted-source.example/products?page=81,0
tranco_plus,site178.trusted-source.example,https://site178.trusted-source.example/about/company,0
tranco_plus,site179.trusted-source.example,https://site179.trusted-source.example/blog/post-1179,0
tranco_plus,site180.trusted-source.example,https://site180.trusted-source.example/,0
tranco_plus,site181.trusted-source.example,https://site181.trusted-source.example/products?page=85,0
tranco_plus,site182.trusted-source.example,https://site182.trusted-source.example/about/company,0
tranco_plus,site183.trusted-source.example,https://site183.trusted-source.example/blog/post-1183,0
tranco_plus,site184.trusted-source.example,https://site184.trusted-source.example/,0
tranco_plus,site185.trusted-source.example,https://site185.trusted-source.example/products?page=89,0
tranco_plus,site186.trusted-source.example,https://site186.trusted-source.example/about/company,0
tranco_plus,site187.trusted-source.example,https://site187.trusted-source.example/blog/post-1187,0
tranco_plus,site188.trusted-source.example,https://site188.trusted-source.example/,0
tranco_plus,site189.trusted-source.example,https://site189.trusted-source.example/products?page=93,0
tranco_plus,site190.trusted-source.example,https://site190.trusted-source.example/about/company,0
tranco_plus,site191.trusted-source.example,https://site191.trusted-source.example/blog/post-1191,0
tranco_plus,site192.trusted-source.example,https://site192.trusted-source.example/,0
tranco_plus,site193.trusted-source.example,https://site193.trusted-source.example/products?page=97,0
tranco_plus,site194.trusted-source.example,https://site194.trusted-source.example/about/company,0
tranco_plus,site195.trusted-source.example,https://site195.trusted-source.example/blog/post-1195,0
tranco_plus,site196.trusted-source.example,https://site196.trusted-source.example/,0
tranco_plus,site197.trusted-source.example,https://site197.trusted-source.example/products?page=4,0
tranco_plus,site198.trusted-source.example,https://site198.trusted-source.example/about/company,0
tranco_plus,site199.trusted-source.example,https://site199.trusted-source.example/blog/post-1199,0
tranco_plus,site200.trusted-source.example,https://site200.trusted-source.example/,0
tranco_plus,site201.trusted-source.example,https://site201.trusted-source.example/products?page=8,0
tranco_plus,site202.trusted-source.example,https://site202.trusted-source.example/about/company,0
tranco_plus,site203.trusted-source.example,https://site203.trusted-source.example/blog/post-1203,0
tranco_plus,site204.trusted-source.example,https://site204.trusted-source.example/,0
tranco_plus,site205.trusted-source.example,https://site205.trusted-source.example/products?page=12,0
tranco_plus,site206.trusted-source.example,https://site206.trusted-source.example/about/company,0
tranco_plus,site207.trusted-source.example,https://site207.trusted-source.example/blog/post-1207,0
tranco_plus,site208.trusted-source.example,https://site208.trusted-source.example/,0
tranco_plus,site209.trusted-source.example,https://site209.trusted-source.example/products?page=16,0
tranco_plus,site210.trusted-source.example,https://site210.trusted-source.example/about/company,0
tranco_plus,site211.trusted-source.example,https://site211.trusted-source.example/blog/post-1211,0
tranco_plus,site212.trusted-source.example,https://site212.trusted-source.example/,0
tranco_plus,site213.trusted-source.example,https://site213.trusted-source.example/products?page=20,0
tranco_plus,site214.trusted-source.example,https://site214.trusted-source.example/about/company,0
tranco_plus,site215.trusted-source.example,https://site215.trusted-source.example/blog/post-1215,0
tranco_plus,site216.trusted-source.example,https://site216.trusted-source.example/,0
tranco_plus,site217.trusted-source.example,https://site217.trusted-source.example/products?page=24,0
tranco_plus,site218.trusted-source.example,https://site218.trusted-source.example/about/company,0
tranco_plus,site219.trusted-source.example,https://site219.trusted-source.example/blog/post-1219,0
tranco_plus,site220.trusted-source.example,https://site220.trusted-source.example/,0
tranco_plus,site221.trusted-source.example,https://site221.trusted-source.example/products?page=28,0
tranco_plus,site222.trusted-source.example,https://site222.trusted-source.example/about/company,0
tranco_plus,site223.trusted-source.example,https://site223.trusted-source.example/blog/post-1223,0
tranco_plus,site224.trusted-source.example,https://site224.trusted-source.example/,0
tranco_plus,site225.trusted-source.example,https://site225.trusted-source.example/products?page=32,0
tranco_plus,site226.trusted-source.example,https://site226.trusted-source.example/about/company,0
tranco_plus,site227.trusted-source.example,https://site227.trusted-source.example/blog/post-1227,0
tranco_plus,site228.trusted-source.example,https://site228.trusted-source.example/,0
tranco_plus,site229.trusted-source.example,https://site229.trusted-source.example/products?page=36,0
tranco_plus,site230.trusted-source.example,https://site230.trusted-source.example/about/company,0
tranco_plus,site231.trusted-source.example,https://site231.trusted-source.example/blog/post-1231,0
tranco_plus,site232.trusted-source.example,https://site232.trusted-source.example/,0
tranco_plus,site233.trusted-source.example,https://site233.trusted-source.example/products?page=40,0
tranco_plus,site234.trusted-source.example,https://site234.trusted-source.example/about/company,0
tranco_plus,site235.trusted-source.example,https://site235.trusted-source.example/blog/post-1235,0
tranco_plus,site236.trusted-source.example,https://site236.trusted-source.example/,0
tranco_plus,site237.trusted-source.example,https://site237.trusted-source.example/products?page=44,0
tranco_plus,site238.trusted-source.example,https://site238.trusted-source.example/about/company,0
tranco_plus,site239.trusted-source.example,https://site239.trusted-source.example/blog/post-1239,0
tranco_plus,site240.trusted-source.example,https://site240.trusted-source.example/,0
tranco_plus,site241.trusted-source.example,https://site241.trusted-source.example/products?page=48,0
tranco_plus,site242.trusted-source.example,https://site242.trusted-source.example/about/company,0
tranco_plus,site243.trusted-source.example,https://site243.trusted-source.example/blog/post-1243,0
tranco_plus,site244.trusted-source.example,https://site244.trusted-source.example/,0
tranco_plus,site245.trusted-source.example,https://site245.trusted-source.example/products?page=52,0
tranco_plus,site246.trusted-source.example,https://site246.trusted-source.example/about/company,0
tranco_plus,site247.trusted-source.example,https://site247.trusted-source.example/blog/post-1247,0
tranco_plus,site248.trusted-source.example,https://site248.trusted-source.example/,0
tranco_plus,site249.trusted-source.example,https://site249.trusted-source.example/products?page=56,0
tranco_plus,site250.trusted-source.example,https://site250.trusted-source.example/about/company,0
tranco_plus,site251.trusted-source.example,https://site251.trusted-source.example/blog/post-1251,0
tranco_plus,site252.trusted-source.example,https://site252.trusted-source.example/,0
tranco_plus,site253.trusted-source.example,https://site253.trusted-source.example/products?page=60,0
tranco_plus,site254.trusted-source.example,https://site254.trusted-source.example/about/company,0
tranco_plus,site255.trusted-source.example,https://site255.trusted-source.example/blog/post-1255,0
tranco_plus,site256.trusted-source.example,https://site256.trusted-source.example/,0
tranco_plus,site257.trusted-source.example,https://site257.trusted-source.example/products?page=64,0
tranco_plus,site258.trusted-source.example,https://site258.trusted-source.example/about/company,0
tranco_plus,site259.trusted-source.example,https://site259.trusted-source.example/blog/post-1259,0
tranco_plus,site260.trusted-source.example,https://site260.trusted-source.example/,0
tranco_plus,site261.trusted-source.example,https://site261.trusted-source.example/products?page=68,0
tranco_plus,site262.trusted-source.example,https://site262.trusted-source.example/about/company,0
tranco_plus,site263.trusted-source.example,https://site263.trusted-source.example/blog/post-1263,0
tranco_plus,site264.trusted-source.example,https://site264.trusted-source.example/,0
tranco_plus,site265.trusted-source.example,https://site265.trusted-source.example/products?page=72,0
tranco_plus,site266.trusted-source.example,https://site266.trusted-source.example/about/company,0
tranco_plus,site267.trusted-source.example,https://site267.trusted-source.example/blog/post-1267,0
tranco_plus,site268.trusted-source.example,https://site268.trusted-source.example/,0
tranco_plus,site269.trusted-source.example,https://site269.trusted-source.example/products?page=76,0
tranco_plus,site270.trusted-source.example,https://site270.trusted-source.example/about/company,0
tranco_plus,site271.trusted-source.example,https://site271.trusted-source.example/blog/post-1271,0
tranco_plus,site272.trusted-source.example,https://site272.trusted-source.example/,0
tranco_plus,site273.trusted-source.example,https://site273.trusted-source.example/products?page=80,0
tranco_plus,site274.trusted-source.example,https://site274.trusted-source.example/about/company,0
tranco_plus,site275.trusted-source.example,https://site275.trusted-source.example/blog/post-1275,0
tranco_plus,site276.trusted-source.example,https://site276.trusted-source.example/,0
tranco_plus,site277.trusted-source.example,https://site277.trusted-source.example/products?page=84,0
tranco_plus,site278.trusted-source.example,https://site278.trusted-source.example/about/company,0
tranco_plus,site279.trusted-source.example,https://site279.trusted-source.example/blog/post-1279,0
tranco_plus,site280.trusted-source.example,https://site280.trusted-source.example/,0
tranco_plus,site281.trusted-source.example,https://site281.trusted-source.example/products?page=88,0
tranco_plus,site282.trusted-source.example,https://site282.trusted-source.example/about/company,0
tranco_plus,site283.trusted-source.example,https://site283.trusted-source.example/blog/post-1283,0
tranco_plus,site284.trusted-source.example,https://site284.trusted-source.example/,0
tranco_plus,site285.trusted-source.example,https://site285.trusted-source.example/products?page=92,0
tranco_plus,site286.trusted-source.example,https://site286.trusted-source.example/about/company,0
tranco_plus,site287.trusted-source.example,https://site287.trusted-source.example/blog/post-1287,0
tranco_plus,site288.trusted-source.example,https://site288.trusted-source.example/,0
tranco_plus,site289.trusted-source.example,https://site289.trusted-source.example/products?page=96,0
tranco_plus,site290.trusted-source.example,https://site290.trusted-source.example/about/company,0
tranco_plus,site291.trusted-source.example,https://site291.trusted-source.example/blog/post-1291,0
tranco_plus,site292.trusted-source.example,https://site292.trusted-source.example/,0
tranco_plus,site293.trusted-source.example,https://site293.trusted-source.example/products?page=3,0
tranco_plus,site294.trusted-source.example,https://site294.trusted-source.example/about/company,0
tranco_plus,site295.trusted-source.example,https://site295.trusted-source.example/blog/post-1295,0
tranco_plus,site296.trusted-source.example,https://site296.trusted-source.example/,0
tranco_plus,site297.trusted-source.example,https://site297.trusted-source.example/products?page=7,0
tranco_plus,site298.trusted-source.example,https://site298.trusted-source.example/about/company,0
tranco_plus,site299.trusted-source.example,https://site299.trusted-source.example/blog/post-1299,0
tranco_plus,site300.trusted-source.example,https://site300.trusted-source.example/,0
tranco_plus,site301.trusted-source.example,https://site301.trusted-source.example/products?page=11,0
tranco_plus,site302.trusted-source.example,https://site302.trusted-source.example/about/company,0
tranco_plus,site303.trusted-source.example,https://site303.trusted-source.example/blog/post-1303,0
tranco_plus,site304.trusted-source.example,https://site304.trusted-source.example/,0
tranco_plus,site305.trusted-source.example,https://site305.trusted-source.example/products?page=15,0
tranco_plus,site306.trusted-source.example,https://site306.trusted-source.example/about/company,0
tranco_plus,site307.trusted-source.example,https://site307.trusted-source.example/blog/post-1307,0
tranco_plus,site308.trusted-source.example,https://site308.trusted-source.example/,0
tranco_plus,site309.trusted-source.example,https://site309.trusted-source.example/products?page=19,0
tranco_plus,site310.trusted-source.example,https://site310.trusted-source.example/about/company,0
tranco_plus,site311.trusted-source.example,https://site311.trusted-source.example/blog/post-1311,0
tranco_plus,site312.trusted-source.example,https://site312.trusted-source.example/,0
tranco_plus,site313.trusted-source.example,https://site313.trusted-source.example/products?page=23,0
tranco_plus,site314.trusted-source.example,https://site314.trusted-source.example/about/company,0
tranco_plus,site315.trusted-source.example,https://site315.trusted-source.example/blog/post-1315,0
tranco_plus,site316.trusted-source.example,https://site316.trusted-source.example/,0
tranco_plus,site317.trusted-source.example,https://site317.trusted-source.example/products?page=27,0
tranco_plus,site318.trusted-source.example,https://site318.trusted-source.example/about/company,0
tranco_plus,site319.trusted-source.example,https://site319.trusted-source.example/blog/post-1319,0
tranco_plus,site320.trusted-source.example,https://site320.trusted-source.example/,0
tranco_plus,site321.trusted-source.example,https://site321.trusted-source.example/products?page=31,0
tranco_plus,site322.trusted-source.example,https://site322.trusted-source.example/about/company,0
tranco_plus,site323.trusted-source.example,https://site323.trusted-source.example/blog/post-1323,0
tranco_plus,site324.trusted-source.example,https://site324.trusted-source.example/,0
tranco_plus,site325.trusted-source.example,https://site325.trusted-source.example/products?page=35,0
tranco_plus,site326.trusted-source.example,https://site326.trusted-source.example/about/company,0
tranco_plus,site327.trusted-source.example,https://site327.trusted-source.example/blog/post-1327,0
tranco_plus,site328.trusted-source.example,https://site328.trusted-source.example/,0
tranco_plus,site329.trusted-source.example,https://site329.trusted-source.example/products?page=39,0
tranco_plus,site330.trusted-source.example,https://site330.trusted-source.example/about/company,0
tranco_plus,site331.trusted-source.example,https://site331.trusted-source.example/blog/post-1331,0
tranco_plus,site332.trusted-source.example,https://site332.trusted-source.example/,0
tranco_plus,site333.trusted-source.example,https://site333.trusted-source.example/products?page=43,0
tranco_plus,site334.trusted-source.example,https://site334.trusted-source.example/about/company,0
tranco_plus,site335.trusted-source.example,https://site335.trusted-source.example/blog/post-1335,0
tranco_plus,site336.trusted-source.example,https://site336.trusted-source.example/,0
tranco_plus,site337.trusted-source.example,https://site337.trusted-source.example/products?page=47,0
tranco_plus,site338.trusted-source.example,https://site338.trusted-source.example/about/company,0
tranco_plus,site339.trusted-source.example,https://site339.trusted-source.example/blog/post-1339,0
tranco_plus,site340.trusted-source.example,https://site340.trusted-source.example/,0
tranco_plus,site341.trusted-source.example,https://site341.trusted-source.example/products?page=51,0
tranco_plus,site342.trusted-source.example,https://site342.trusted-source.example/about/company,0
tranco_plus,site343.trusted-source.example,https://site343.trusted-source.example/blog/post-1343,0
tranco_plus,site344.trusted-source.example,https://site344.trusted-source.example/,0
tranco_plus,site345.trusted-source.example,https://site345.trusted-source.example/products?page=55,0
tranco_plus,site346.trusted-source.example,https://site346.trusted-source.example/about/company,0
tranco_plus,site347.trusted-source.example,https://site347.trusted-source.example/blog/post-1347,0
tranco_plus,site348.trusted-source.example,https://site348.trusted-source.example/,0
tranco_plus,site349.trusted-source.example,https://site349.trusted-source.example/products?page=59,0
tranco_plus,site350.trusted-source.example,https://site350.trusted-source.example/about/company,0
tranco_plus,site351.trusted-source.example,https://site351.trusted-source.example/blog/post-1351,0
tranco_plus,site352.trusted-source.example,https://site352.trusted-source.example/,0
tranco_plus,site353.trusted-source.example,https://site353.trusted-source.example/products?page=63,0
tranco_plus,site354.trusted-source.example,https://site354.trusted-source.example/about/company,0
tranco_plus,site355.trusted-source.example,https://site355.trusted-source.example/blog/post-1355,0
tranco_plus,site356.trusted-source.example,https://site356.trusted-source.example/,0
tranco_plus,site357.trusted-source.example,https://site357.trusted-source.example/products?page=67,0
tranco_plus,site358.trusted-source.example,https://site358.trusted-source.example/about/company,0
tranco_plus,site359.trusted-source.example,https://site359.trusted-source.example/blog/post-1359,0
tranco_plus,site360.trusted-source.example,https://site360.trusted-source.example/,0
tranco_plus,site361.trusted-source.example,https://site361.trusted-source.example/products?page=71,0
tranco_plus,site362.trusted-source.example,https://site362.trusted-source.example/about/company,0
tranco_plus,site363.trusted-source.example,https://site363.trusted-source.example/blog/post-1363,0
tranco_plus,site364.trusted-source.example,https://site364.trusted-source.example/,0
tranco_plus,site365.trusted-source.example,https://site365.trusted-source.example/products?page=75,0
tranco_plus,site366.trusted-source.example,https://site366.trusted-source.example/about/company,0
tranco_plus,site367.trusted-source.example,https://site367.trusted-source.example/blog/post-1367,0
tranco_plus,site368.trusted-source.example,https://site368.trusted-source.example/,0
tranco_plus,site369.trusted-source.example,https://site369.trusted-source.example/products?page=79,0
tranco_plus,site370.trusted-source.example,https://site370.trusted-source.example/about/company,0
tranco_plus,site371.trusted-source.example,https://site371.trusted-source.example/blog/post-1371,0
tranco_plus,site372.trusted-source.example,https://site372.trusted-source.example/,0
tranco_plus,site373.trusted-source.example,https://site373.trusted-source.example/products?page=83,0
tranco_plus,site374.trusted-source.example,https://site374.trusted-source.example/about/company,0
tranco_plus,site375.trusted-source.example,https://site375.trusted-source.example/blog/post-1375,0
tranco_plus,site376.trusted-source.example,https://site376.trusted-source.example/,0
tranco_plus,site377.trusted-source.example,https://site377.trusted-source.example/products?page=87,0
tranco_plus,site378.trusted-source.example,https://site378.trusted-source.example/about/company,0
tranco_plus,site379.trusted-source.example,https://site379.trusted-source.example/blog/post-1379,0
tranco_plus,site380.trusted-source.example,https://site380.trusted-source.example/,0
tranco_plus,site381.trusted-source.example,https://site381.trusted-source.example/products?page=91,0
tranco_plus,site382.trusted-source.example,https://site382.trusted-source.example/about/company,0
tranco_plus,site383.trusted-source.example,https://site383.trusted-source.example/blog/post-1383,0
tranco_plus,site384.trusted-source.example,https://site384.trusted-source.example/,0
tranco_plus,site385.trusted-source.example,https://site385.trusted-source.example/products?page=95,0
tranco_plus,site386.trusted-source.example,https://site386.trusted-source.example/about/company,0
tranco_plus,site387.trusted-source.example,https://site387.trusted-source.example/blog/post-1387,0
tranco_plus,site388.trusted-source.example,https://site388.trusted-source.example/,0
tranco_plus,site389.trusted-source.example,https://site389.trusted-source.example/products?page=2,0
tranco_plus,site390.trusted-source.example,https://site390.trusted-source.example/about/company,0
tranco_plus,site391.trusted-source.example,https://site391.trusted-source.example/blog/post-1391,0
tranco_plus,site392.trusted-source.example,https://site392.trusted-source.example/,0
tranco_plus,site393.trusted-source.example,https://site393.trusted-source.example/products?page=6,0
tranco_plus,site394.trusted-source.example,https://site394.trusted-source.example/about/company,0
tranco_plus,site395.trusted-source.example,https://site395.trusted-source.example/blog/post-1395,0
tranco_plus,site396.trusted-source.example,https://site396.trusted-source.example/,0
tranco_plus,site397.trusted-source.example,https://site397.trusted-source.example/products?page=10,0
tranco_plus,site398.trusted-source.example,https://site398.trusted-source.example/about/company,0
tranco_plus,site399.trusted-source.example,https://site399.trusted-source.example/blog/post-1399,0
tranco_plus,site400.trusted-source.example,https://site400.trusted-source.example/,0
tranco_plus,site401.trusted-source.example,https://site401.trusted-source.example/products?page=14,0
tranco_plus,site402.trusted-source.example,https://site402.trusted-source.example/about/company,0
tranco_plus,site403.trusted-source.example,https://site403.trusted-source.example/blog/post-1403,0
tranco_plus,site404.trusted-source.example,https://site404.trusted-source.example/,0
tranco_plus,site405.trusted-source.example,https://site405.trusted-source.example/products?page=18,0
tranco_plus,site406.trusted-source.example,https://site406.trusted-source.example/about/company,0
tranco_plus,site407.trusted-source.example,https://site407.trusted-source.example/blog/post-1407,0
tranco_plus,site408.trusted-source.example,https://site408.trusted-source.example/,0
tranco_plus,site409.trusted-source.example,https://site409.trusted-source.example/products?page=22,0
tranco_plus,site410.trusted-source.example,https://site410.trusted-source.example/about/company,0
tranco_plus,site411.trusted-source.example,https://site411.trusted-source.example/blog/post-1411,0
tranco_plus,site412.trusted-source.example,https://site412.trusted-source.example/,0
tranco_plus,site413.trusted-source.example,https://site413.trusted-source.example/products?page=26,0
tranco_plus,site414.trusted-source.example,https://site414.trusted-source.example/about/company,0
tranco_plus,site415.trusted-source.example,https://site415.trusted-source.example/blog/post-1415,0
tranco_plus,site416.trusted-source.example,https://site416.trusted-source.example/,0
tranco_plus,site417.trusted-source.example,https://site417.trusted-source.example/products?page=30,0
tranco_plus,site418.trusted-source.example,https://site418.trusted-source.example/about/company,0
tranco_plus,site419.trusted-source.example,https://site419.trusted-source.example/blog/post-1419,0
tranco_plus,site420.trusted-source.example,https://site420.trusted-source.example/,0
tranco_plus,site421.trusted-source.example,https://site421.trusted-source.example/products?page=34,0
tranco_plus,site422.trusted-source.example,https://site422.trusted-source.example/about/company,0
tranco_plus,site423.trusted-source.example,https://site423.trusted-source.example/blog/post-1423,0
tranco_plus,site424.trusted-source.example,https://site424.trusted-source.example/,0
tranco_plus,site425.trusted-source.example,https://site425.trusted-source.example/products?page=38,0
tranco_plus,site426.trusted-source.example,https://site426.trusted-source.example/about/company,0
tranco_plus,site427.trusted-source.example,https://site427.trusted-source.example/blog/post-1427,0
tranco_plus,site428.trusted-source.example,https://site428.trusted-source.example/,0
tranco_plus,site429.trusted-source.example,https://site429.trusted-source.example/products?page=42,0
tranco_plus,site430.trusted-source.example,https://site430.trusted-source.example/about/company,0
tranco_plus,site431.trusted-source.example,https://site431.trusted-source.example/blog/post-1431,0
tranco_plus,site432.trusted-source.example,https://site432.trusted-source.example/,0
tranco_plus,site433.trusted-source.example,https://site433.trusted-source.example/products?page=46,0
tranco_plus,site434.trusted-source.example,https://site434.trusted-source.example/about/company,0
tranco_plus,site435.trusted-source.example,https://site435.trusted-source.example/blog/post-1435,0
tranco_plus,site436.trusted-source.example,https://site436.trusted-source.example/,0
tranco_plus,site437.trusted-source.example,https://site437.trusted-source.example/products?page=50,0
tranco_plus,site438.trusted-source.example,https://site438.trusted-source.example/about/company,0
tranco_plus,site439.trusted-source.example,https://site439.trusted-source.example/blog/post-1439,0
tranco_plus,site440.trusted-source.example,https://site440.trusted-source.example/,0
tranco_plus,site441.trusted-source.example,https://site441.trusted-source.example/products?page=54,0
tranco_plus,site442.trusted-source.example,https://site442.trusted-source.example/about/company,0
tranco_plus,site443.trusted-source.example,https://site443.trusted-source.example/blog/post-1443,0
tranco_plus,site444.trusted-source.example,https://site444.trusted-source.example/,0
tranco_plus,site445.trusted-source.example,https://site445.trusted-source.example/products?page=58,0
tranco_plus,site446.trusted-source.example,https://site446.trusted-source.example/about/company,0
tranco_plus,site447.trusted-source.example,https://site447.trusted-source.example/blog/post-1447,0
tranco_plus,site448.trusted-source.example,https://site448.trusted-source.example/,0
tranco_plus,site449.trusted-source.example,https://site449.trusted-source.example/products?page=62,0
tranco_plus,site450.trusted-source.example,https://site450.trusted-source.example/about/company,0
tranco_plus,site451.trusted-source.example,https://site451.trusted-source.example/blog/post-1451,0
tranco_plus,site452.trusted-source.example,https://site452.trusted-source.example/,0
tranco_plus,site453.trusted-source.example,https://site453.trusted-source.example/products?page=66,0
tranco_plus,site454.trusted-source.example,https://site454.trusted-source.example/about/company,0
tranco_plus,site455.trusted-source.example,https://site455.trusted-source.example/blog/post-1455,0
tranco_plus,site456.trusted-source.example,https://site456.trusted-source.example/,0
tranco_plus,site457.trusted-source.example,https://site457.trusted-source.example/products?page=70,0
tranco_plus,site458.trusted-source.example,https://site458.trusted-source.example/about/company,0
tranco_plus,site459.trusted-source.example,https://site459.trusted-source.example/blog/post-1459,0
tranco_plus,site460.trusted-source.example,https://site460.trusted-source.example/,0
tranco_plus,site461.trusted-source.example,https://site461.trusted-source.example/products?page=74,0
tranco_plus,site462.trusted-source.example,https://site462.trusted-source.example/about/company,0
tranco_plus,site463.trusted-source.example,https://site463.trusted-source.example/blog/post-1463,0
tranco_plus,site464.trusted-source.example,https://site464.trusted-source.example/,0
tranco_plus,site465.trusted-source.example,https://site465.trusted-source.example/products?page=78,0
tranco_plus,site466.trusted-source.example,https://site466.trusted-source.example/about/company,0
tranco_plus,site467.trusted-source.example,https://site467.trusted-source.example/blog/post-1467,0
tranco_plus,site468.trusted-source.example,https://site468.trusted-source.example/,0
tranco_plus,site469.trusted-source.example,https://site469.trusted-source.example/products?page=82,0
tranco_plus,site470.trusted-source.example,https://site470.trusted-source.example/about/company,0
tranco_plus,site471.trusted-source.example,https://site471.trusted-source.example/blog/post-1471,0
tranco_plus,site472.trusted-source.example,https://site472.trusted-source.example/,0
tranco_plus,site473.trusted-source.example,https://site473.trusted-source.example/products?page=86,0
tranco_plus,site474.trusted-source.example,https://site474.trusted-source.example/about/company,0
tranco_plus,site475.trusted-source.example,https://site475.trusted-source.example/blog/post-1475,0
tranco_plus,site476.trusted-source.example,https://site476.trusted-source.example/,0
tranco_plus,site477.trusted-source.example,https://site477.trusted-source.example/products?page=90,0
tranco_plus,site478.trusted-source.example,https://site478.trusted-source.example/about/company,0
tranco_plus,site479.trusted-source.example,https://site479.trusted-source.example/blog/post-1479,0
tranco_plus,site480.trusted-source.example,https://site480.trusted-source.example/,0
tranco_plus,site481.trusted-source.example,https://site481.trusted-source.example/products?page=94,0
tranco_plus,site482.trusted-source.example,https://site482.trusted-source.example/about/company,0
tranco_plus,site483.trusted-source.example,https://site483.trusted-source.example/blog/post-1483,0
tranco_plus,site484.trusted-source.example,https://site484.trusted-source.example/,0
tranco_plus,site485.trusted-source.example,https://site485.trusted-source.example/products?page=1,0
tranco_plus,site486.trusted-source.example,https://site486.trusted-source.example/about/company,0
tranco_plus,site487.trusted-source.example,https://site487.trusted-source.example/blog/post-1487,0
tranco_plus,site488.trusted-source.example,https://site488.trusted-source.example/,0
tranco_plus,site489.trusted-source.example,https://site489.trusted-source.example/products?page=5,0
tranco_plus,site490.trusted-source.example,https://site490.trusted-source.example/about/company,0
tranco_plus,site491.trusted-source.example,https://site491.trusted-source.example/blog/post-1491,0
tranco_plus,site492.trusted-source.example,https://site492.trusted-source.example/,0
tranco_plus,site493.trusted-source.example,https://site493.trusted-source.example/products?page=9,0
tranco_plus,site494.trusted-source.example,https://site494.trusted-source.example/about/company,0
tranco_plus,site495.trusted-source.example,https://site495.trusted-source.example/blog/post-1495,0
tranco_plus,site496.trusted-source.example,https://site496.trusted-source.example/,0
tranco_plus,site497.trusted-source.example,https://site497.trusted-source.example/products?page=13,0
tranco_plus,site498.trusted-source.example,https://site498.trusted-source.example/about/company,0
tranco_plus,site499.trusted-source.example,https://site499.trusted-source.example/blog/post-1499,0
tranco_plus,site500.trusted-source.example,https://site500.trusted-source.example/,0
tranco_plus,site501.trusted-source.example,https://site501.trusted-source.example/products?page=17,0
tranco_plus,site502.trusted-source.example,https://site502.trusted-source.example/about/company,0
tranco_plus,site503.trusted-source.example,https://site503.trusted-source.example/blog/post-1503,0
tranco_plus,site504.trusted-source.example,https://site504.trusted-source.example/,0
tranco_plus,site505.trusted-source.example,https://site505.trusted-source.example/products?page=21,0
tranco_plus,site506.trusted-source.example,https://site506.trusted-source.example/about/company,0
tranco_plus,site507.trusted-source.example,https://site507.trusted-source.example/blog/post-1507,0
tranco_plus,site508.trusted-source.example,https://site508.trusted-source.example/,0
tranco_plus,site509.trusted-source.example,https://site509.trusted-source.example/products?page=25,0
tranco_plus,site510.trusted-source.example,https://site510.trusted-source.example/about/company,0
tranco_plus,site511.trusted-source.example,https://site511.trusted-source.example/blog/post-1511,0
tranco_plus,site512.trusted-source.example,https://site512.trusted-source.example/,0
tranco_plus,site513.trusted-source.example,https://site513.trusted-source.example/products?page=29,0
tranco_plus,site514.trusted-source.example,https://site514.trusted-source.example/about/company,0
tranco_plus,site515.trusted-source.example,https://site515.trusted-source.example/blog/post-1515,0
tranco_plus,site516.trusted-source.example,https://site516.trusted-source.example/,0
tranco_plus,site517.trusted-source.example,https://site517.trusted-source.example/products?page=33,0
tranco_plus,site518.trusted-source.example,https://site518.trusted-source.example/about/company,0
tranco_plus,site519.trusted-source.example,https://site519.trusted-source.example/blog/post-1519,0
tranco_plus,site520.trusted-source.example,https://site520.trusted-source.example/,0
tranco_plus,site521.trusted-source.example,https://site521.trusted-source.example/products?page=37,0
tranco_plus,site522.trusted-source.example,https://site522.trusted-source.example/about/company,0
tranco_plus,site523.trusted-source.example,https://site523.trusted-source.example/blog/post-1523,0
tranco_plus,site524.trusted-source.example,https://site524.trusted-source.example/,0
tranco_plus,site525.trusted-source.example,https://site525.trusted-source.example/products?page=41,0
tranco_plus,site526.trusted-source.example,https://site526.trusted-source.example/about/company,0
tranco_plus,site527.trusted-source.example,https://site527.trusted-source.example/blog/post-1527,0
tranco_plus,site528.trusted-source.example,https://site528.trusted-source.example/,0
tranco_plus,site529.trusted-source.example,https://site529.trusted-source.example/products?page=45,0
tranco_plus,site530.trusted-source.example,https://site530.trusted-source.example/about/company,0
tranco_plus,site531.trusted-source.example,https://site531.trusted-source.example/blog/post-1531,0
tranco_plus,site532.trusted-source.example,https://site532.trusted-source.example/,0
tranco_plus,site533.trusted-source.example,https://site533.trusted-source.example/products?page=49,0
tranco_plus,site534.trusted-source.example,https://site534.trusted-source.example/about/company,0
tranco_plus,site535.trusted-source.example,https://site535.trusted-source.example/blog/post-1535,0
tranco_plus,site536.trusted-source.example,https://site536.trusted-source.example/,0
tranco_plus,site537.trusted-source.example,https://site537.trusted-source.example/products?page=53,0
tranco_plus,site538.trusted-source.example,https://site538.trusted-source.example/about/company,0
tranco_plus,site539.trusted-source.example,https://site539.trusted-source.example/blog/post-1539,0
tranco_plus,site540.trusted-source.example,https://site540.trusted-source.example/,0
tranco_plus,site541.trusted-source.example,https://site541.trusted-source.example/products?page=57,0
tranco_plus,site542.trusted-source.example,https://site542.trusted-source.example/about/company,0
tranco_plus,site543.trusted-source.example,https://site543.trusted-source.example/blog/post-1543,0
tranco_plus,site544.trusted-source.example,https://site544.trusted-source.example/,0
tranco_plus,site545.trusted-source.example,https://site545.trusted-source.example/products?page=61,0
tranco_plus,site546.trusted-source.example,https://site546.trusted-source.example/about/company,0
tranco_plus,site547.trusted-source.example,https://site547.trusted-source.example/blog/post-1547,0
tranco_plus,site548.trusted-source.example,https://site548.trusted-source.example/,0
tranco_plus,site549.trusted-source.example,https://site549.trusted-source.example/products?page=65,0
tranco_plus,site550.trusted-source.example,https://site550.trusted-source.example/about/company,0
tranco_plus,site551.trusted-source.example,https://site551.trusted-source.example/blog/post-1551,0
tranco_plus,site552.trusted-source.example,https://site552.trusted-source.example/,0
tranco_plus,site553.trusted-source.example,https://site553.trusted-source.example/products?page=69,0
tranco_plus,site554.trusted-source.example,https://site554.trusted-source.example/about/company,0
tranco_plus,site555.trusted-source.example,https://site555.trusted-source.example/blog/post-1555,0
tranco_plus,site556.trusted-source.example,https://site556.trusted-source.example/,0
tranco_plus,site557.trusted-source.example,https://site557.trusted-source.example/products?page=73,0
tranco_plus,site558.trusted-source.example,https://site558.trusted-source.example/about/company,0
tranco_plus,site559.trusted-source.example,https://site559.trusted-source.example/blog/post-1559,0
tranco_plus,site560.trusted-source.example,https://site560.trusted-source.example/,0
tranco_plus,site561.trusted-source.example,https://site561.trusted-source.example/products?page=77,0
tranco_plus,site562.trusted-source.example,https://site562.trusted-source.example/about/company,0
tranco_plus,site563.trusted-source.example,https://site563.trusted-source.example/blog/post-1563,0
tranco_plus,site564.trusted-source.example,https://site564.trusted-source.example/,0
tranco_plus,site565.trusted-source.example,https://site565.trusted-source.example/products?page=81,0
tranco_plus,site566.trusted-source.example,https://site566.trusted-source.example/about/company,0
tranco_plus,site567.trusted-source.example,https://site567.trusted-source.example/blog/post-1567,0
tranco_plus,site568.trusted-source.example,https://site568.trusted-source.example/,0
tranco_plus,site569.trusted-source.example,https://site569.trusted-source.example/products?page=85,0
tranco_plus,site570.trusted-source.example,https://site570.trusted-source.example/about/company,0
tranco_plus,site571.trusted-source.example,https://site571.trusted-source.example/blog/post-1571,0
tranco_plus,site572.trusted-source.example,https://site572.trusted-source.example/,0
tranco_plus,site573.trusted-source.example,https://site573.trusted-source.example/products?page=89,0
tranco_plus,site574.trusted-source.example,https://site574.trusted-source.example/about/company,0
tranco_plus,site575.trusted-source.example,https://site575.trusted-source.example/blog/post-1575,0
tranco_plus,site576.trusted-source.example,https://site576.trusted-source.example/,0
tranco_plus,site577.trusted-source.example,https://site577.trusted-source.example/products?page=93,0
tranco_plus,site578.trusted-source.example,https://site578.trusted-source.example/about/company,0
tranco_plus,site579.trusted-source.example,https://site579.trusted-source.example/blog/post-1579,0
tranco_plus,site580.trusted-source.example,https://site580.trusted-source.example/,0
tranco_plus,site581.trusted-source.example,https://site581.trusted-source.example/products?page=97,0
tranco_plus,site582.trusted-source.example,https://site582.trusted-source.example/about/company,0
tranco_plus,site583.trusted-source.example,https://site583.trusted-source.example/blog/post-1583,0
tranco_plus,site584.trusted-source.example,https://site584.trusted-source.example/,0
tranco_plus,site585.trusted-source.example,https://site585.trusted-source.example/products?page=4,0
tranco_plus,site586.trusted-source.example,https://site586.trusted-source.example/about/company,0
tranco_plus,site587.trusted-source.example,https://site587.trusted-source.example/blog/post-1587,0
tranco_plus,site588.trusted-source.example,https://site588.trusted-source.example/,0
tranco_plus,site589.trusted-source.example,https://site589.trusted-source.example/products?page=8,0
tranco_plus,site590.trusted-source.example,https://site590.trusted-source.example/about/company,0
tranco_plus,site591.trusted-source.example,https://site591.trusted-source.example/blog/post-1591,0
tranco_plus,site592.trusted-source.example,https://site592.trusted-source.example/,0
tranco_plus,site593.trusted-source.example,https://site593.trusted-source.example/products?page=12,0
tranco_plus,site594.trusted-source.example,https://site594.trusted-source.example/about/company,0
tranco_plus,site595.trusted-source.example,https://site595.trusted-source.example/blog/post-1595,0
tranco_plus,site596.trusted-source.example,https://site596.trusted-source.example/,0
tranco_plus,site597.trusted-source.example,https://site597.trusted-source.example/products?page=16,0
tranco_plus,site598.trusted-source.example,https://site598.trusted-source.example/about/company,0
tranco_plus,site599.trusted-source.example,https://site599.trusted-source.example/blog/post-1599,0
tranco_plus,site600.trusted-source.example,https://site600.trusted-source.example/,0
tranco_plus,site601.trusted-source.example,https://site601.trusted-source.example/products?page=20,0
tranco_plus,site602.trusted-source.example,https://site602.trusted-source.example/about/company,0
tranco_plus,site603.trusted-source.example,https://site603.trusted-source.example/blog/post-1603,0
tranco_plus,site604.trusted-source.example,https://site604.trusted-source.example/,0
tranco_plus,site605.trusted-source.example,https://site605.trusted-source.example/products?page=24,0
tranco_plus,site606.trusted-source.example,https://site606.trusted-source.example/about/company,0
tranco_plus,site607.trusted-source.example,https://site607.trusted-source.example/blog/post-1607,0
tranco_plus,site608.trusted-source.example,https://site608.trusted-source.example/,0
tranco_plus,site609.trusted-source.example,https://site609.trusted-source.example/products?page=28,0
tranco_plus,site610.trusted-source.example,https://site610.trusted-source.example/about/company,0
tranco_plus,site611.trusted-source.example,https://site611.trusted-source.example/blog/post-1611,0
tranco_plus,site612.trusted-source.example,https://site612.trusted-source.example/,0
tranco_plus,site613.trusted-source.example,https://site613.trusted-source.example/products?page=32,0
tranco_plus,site614.trusted-source.example,https://site614.trusted-source.example/about/company,0
tranco_plus,site615.trusted-source.example,https://site615.trusted-source.example/blog/post-1615,0
tranco_plus,site616.trusted-source.example,https://site616.trusted-source.example/,0
tranco_plus,site617.trusted-source.example,https://site617.trusted-source.example/products?page=36,0
tranco_plus,site618.trusted-source.example,https://site618.trusted-source.example/about/company,0
tranco_plus,site619.trusted-source.example,https://site619.trusted-source.example/blog/post-1619,0
tranco_plus,site620.trusted-source.example,https://site620.trusted-source.example/,0
tranco_plus,site621.trusted-source.example,https://site621.trusted-source.example/products?page=40,0
tranco_plus,site622.trusted-source.example,https://site622.trusted-source.example/about/company,0
tranco_plus,site623.trusted-source.example,https://site623.trusted-source.example/blog/post-1623,0
tranco_plus,site624.trusted-source.example,https://site624.trusted-source.example/,0
tranco_plus,site625.trusted-source.example,https://site625.trusted-source.example/products?page=44,0
tranco_plus,site626.trusted-source.example,https://site626.trusted-source.example/about/company,0
tranco_plus,site627.trusted-source.example,https://site627.trusted-source.example/blog/post-1627,0
tranco_plus,site628.trusted-source.example,https://site628.trusted-source.example/,0
tranco_plus,site629.trusted-source.example,https://site629.trusted-source.example/products?page=48,0
tranco_plus,site630.trusted-source.example,https://site630.trusted-source.example/about/company,0
tranco_plus,site631.trusted-source.example,https://site631.trusted-source.example/blog/post-1631,0
tranco_plus,site632.trusted-source.example,https://site632.trusted-source.example/,0
tranco_plus,site633.trusted-source.example,https://site633.trusted-source.example/products?page=52,0
tranco_plus,site634.trusted-source.example,https://site634.trusted-source.example/about/company,0
tranco_plus,site635.trusted-source.example,https://site635.trusted-source.example/blog/post-1635,0
tranco_plus,site636.trusted-source.example,https://site636.trusted-source.example/,0
tranco_plus,site637.trusted-source.example,https://site637.trusted-source.example/products?page=56,0
tranco_plus,site638.trusted-source.example,https://site638.trusted-source.example/about/company,0
tranco_plus,site639.trusted-source.example,https://site639.trusted-source.example/blog/post-1639,0
tranco_plus,site640.trusted-source.example,https://site640.trusted-source.example/,0
tranco_plus,site641.trusted-source.example,https://site641.trusted-source.example/products?page=60,0
tranco_plus,site642.trusted-source.example,https://site642.trusted-source.example/about/company,0
tranco_plus,site643.trusted-source.example,https://site643.trusted-source.example/blog/post-1643,0
tranco_plus,site644.trusted-source.example,https://site644.trusted-source.example/,0
tranco_plus,site645.trusted-source.example,https://site645.trusted-source.example/products?page=64,0
tranco_plus,site646.trusted-source.example,https://site646.trusted-source.example/about/company,0
tranco_plus,site647.trusted-source.example,https://site647.trusted-source.example/blog/post-1647,0
tranco_plus,site648.trusted-source.example,https://site648.trusted-source.example/,0
tranco_plus,site649.trusted-source.example,https://site649.trusted-source.example/products?page=68,0
tranco_plus,site650.trusted-source.example,https://site650.trusted-source.example/about/company,0
tranco_plus,site651.trusted-source.example,https://site651.trusted-source.example/blog/post-1651,0
tranco_plus,site652.trusted-source.example,https://site652.trusted-source.example/,0
tranco_plus,site653.trusted-source.example,https://site653.trusted-source.example/products?page=72,0
tranco_plus,site654.trusted-source.example,https://site654.trusted-source.example/about/company,0
tranco_plus,site655.trusted-source.example,https://site655.trusted-source.example/blog/post-1655,0
tranco_plus,site656.trusted-source.example,https://site656.trusted-source.example/,0
tranco_plus,site657.trusted-source.example,https://site657.trusted-source.example/products?page=76,0
tranco_plus,site658.trusted-source.example,https://site658.trusted-source.example/about/company,0
tranco_plus,site659.trusted-source.example,https://site659.trusted-source.example/blog/post-1659,0
tranco_plus,site660.trusted-source.example,https://site660.trusted-source.example/,0
tranco_plus,site661.trusted-source.example,https://site661.trusted-source.example/products?page=80,0
tranco_plus,site662.trusted-source.example,https://site662.trusted-source.example/about/company,0
tranco_plus,site663.trusted-source.example,https://site663.trusted-source.example/blog/post-1663,0
tranco_plus,site664.trusted-source.example,https://site664.trusted-source.example/,0
tranco_plus,site665.trusted-source.example,https://site665.trusted-source.example/products?page=84,0
tranco_plus,site666.trusted-source.example,https://site666.trusted-source.example/about/company,0
tranco_plus,site667.trusted-source.example,https://site667.trusted-source.example/blog/post-1667,0
tranco_plus,site668.trusted-source.example,https://site668.trusted-source.example/,0
tranco_plus,site669.trusted-source.example,https://site669.trusted-source.example/products?page=88,0
tranco_plus,site670.trusted-source.example,https://site670.trusted-source.example/about/company,0
tranco_plus,site671.trusted-source.example,https://site671.trusted-source.example/blog/post-1671,0
tranco_plus,site672.trusted-source.example,https://site672.trusted-source.example/,0
tranco_plus,site673.trusted-source.example,https://site673.trusted-source.example/products?page=92,0
tranco_plus,site674.trusted-source.example,https://site674.trusted-source.example/about/company,0
tranco_plus,site675.trusted-source.example,https://site675.trusted-source.example/blog/post-1675,0
tranco_plus,site676.trusted-source.example,https://site676.trusted-source.example/,0
tranco_plus,site677.trusted-source.example,https://site677.trusted-source.example/products?page=96,0
tranco_plus,site678.trusted-source.example,https://site678.trusted-source.example/about/company,0
tranco_plus,site679.trusted-source.example,https://site679.trusted-source.example/blog/post-1679,0
tranco_plus,site680.trusted-source.example,https://site680.trusted-source.example/,0
tranco_plus,site681.trusted-source.example,https://site681.trusted-source.example/products?page=3,0
tranco_plus,site682.trusted-source.example,https://site682.trusted-source.example/about/company,0
tranco_plus,site683.trusted-source.example,https://site683.trusted-source.example/blog/post-1683,0
tranco_plus,site684.trusted-source.example,https://site684.trusted-source.example/,0
tranco_plus,site685.trusted-source.example,https://site685.trusted-source.example/products?page=7,0
tranco_plus,site686.trusted-source.example,https://site686.trusted-source.example/about/company,0
tranco_plus,site687.trusted-source.example,https://site687.trusted-source.example/blog/post-1687,0
tranco_plus,site688.trusted-source.example,https://site688.trusted-source.example/,0
tranco_plus,site689.trusted-source.example,https://site689.trusted-source.example/products?page=11,0
tranco_plus,site690.trusted-source.example,https://site690.trusted-source.example/about/company,0
tranco_plus,site691.trusted-source.example,https://site691.trusted-source.example/blog/post-1691,0
tranco_plus,site692.trusted-source.example,https://site692.trusted-source.example/,0
tranco_plus,site693.trusted-source.example,https://site693.trusted-source.example/products?page=15,0
tranco_plus,site694.trusted-source.example,https://site694.trusted-source.example/about/company,0
tranco_plus,site695.trusted-source.example,https://site695.trusted-source.example/blog/post-1695,0
tranco_plus,site696.trusted-source.example,https://site696.trusted-source.example/,0
tranco_plus,site697.trusted-source.example,https://site697.trusted-source.example/products?page=19,0
tranco_plus,site698.trusted-source.example,https://site698.trusted-source.example/about/company,0
tranco_plus,site699.trusted-source.example,https://site699.trusted-source.example/blog/post-1699,0
tranco_plus,site700.trusted-source.example,https://site700.trusted-source.example/,0
tranco_plus,site701.trusted-source.example,https://site701.trusted-source.example/products?page=23,0
tranco_plus,site702.trusted-source.example,https://site702.trusted-source.example/about/company,0
tranco_plus,site703.trusted-source.example,https://site703.trusted-source.example/blog/post-1703,0
tranco_plus,site704.trusted-source.example,https://site704.trusted-source.example/,0
tranco_plus,site705.trusted-source.example,https://site705.trusted-source.example/products?page=27,0
tranco_plus,site706.trusted-source.example,https://site706.trusted-source.example/about/company,0
tranco_plus,site707.trusted-source.example,https://site707.trusted-source.example/blog/post-1707,0
tranco_plus,site708.trusted-source.example,https://site708.trusted-source.example/,0
tranco_plus,site709.trusted-source.example,https://site709.trusted-source.example/products?page=31,0
tranco_plus,site710.trusted-source.example,https://site710.trusted-source.example/about/company,0
tranco_plus,site711.trusted-source.example,https://site711.trusted-source.example/blog/post-1711,0
tranco_plus,site712.trusted-source.example,https://site712.trusted-source.example/,0
tranco_plus,site713.trusted-source.example,https://site713.trusted-source.example/products?page=35,0
tranco_plus,site714.trusted-source.example,https://site714.trusted-source.example/about/company,0
tranco_plus,site715.trusted-source.example,https://site715.trusted-source.example/blog/post-1715,0
tranco_plus,site716.trusted-source.example,https://site716.trusted-source.example/,0
tranco_plus,site717.trusted-source.example,https://site717.trusted-source.example/products?page=39,0
tranco_plus,site718.trusted-source.example,https://site718.trusted-source.example/about/company,0
tranco_plus,site719.trusted-source.example,https://site719.trusted-source.example/blog/post-1719,0
tranco_plus,site720.trusted-source.example,https://site720.trusted-source.example/,0
tranco_plus,site721.trusted-source.example,https://site721.trusted-source.example/products?page=43,0
tranco_plus,site722.trusted-source.example,https://site722.trusted-source.example/about/company,0
tranco_plus,site723.trusted-source.example,https://site723.trusted-source.example/blog/post-1723,0
tranco_plus,site724.trusted-source.example,https://site724.trusted-source.example/,0
tranco_plus,site725.trusted-source.example,https://site725.trusted-source.example/products?page=47,0
tranco_plus,site726.trusted-source.example,https://site726.trusted-source.example/about/company,0
tranco_plus,site727.trusted-source.example,https://site727.trusted-source.example/blog/post-1727,0
tranco_plus,site728.trusted-source.example,https://site728.trusted-source.example/,0
tranco_plus,site729.trusted-source.example,https://site729.trusted-source.example/products?page=51,0
tranco_plus,site730.trusted-source.example,https://site730.trusted-source.example/about/company,0
tranco_plus,site731.trusted-source.example,https://site731.trusted-source.example/blog/post-1731,0
tranco_plus,site732.trusted-source.example,https://site732.trusted-source.example/,0
tranco_plus,site733.trusted-source.example,https://site733.trusted-source.example/products?page=55,0
tranco_plus,site734.trusted-source.example,https://site734.trusted-source.example/about/company,0
tranco_plus,site735.trusted-source.example,https://site735.trusted-source.example/blog/post-1735,0
tranco_plus,site736.trusted-source.example,https://site736.trusted-source.example/,0
tranco_plus,site737.trusted-source.example,https://site737.trusted-source.example/products?page=59,0
tranco_plus,site738.trusted-source.example,https://site738.trusted-source.example/about/company,0
tranco_plus,site739.trusted-source.example,https://site739.trusted-source.example/blog/post-1739,0
tranco_plus,site740.trusted-source.example,https://site740.trusted-source.example/,0
tranco_plus,site741.trusted-source.example,https://site741.trusted-source.example/products?page=63,0
tranco_plus,site742.trusted-source.example,https://site742.trusted-source.example/about/company,0
tranco_plus,site743.trusted-source.example,https://site743.trusted-source.example/blog/post-1743,0
tranco_plus,site744.trusted-source.example,https://site744.trusted-source.example/,0
tranco_plus,site745.trusted-source.example,https://site745.trusted-source.example/products?page=67,0
tranco_plus,site746.trusted-source.example,https://site746.trusted-source.example/about/company,0
tranco_plus,site747.trusted-source.example,https://site747.trusted-source.example/blog/post-1747,0
tranco_plus,site748.trusted-source.example,https://site748.trusted-source.example/,0
tranco_plus,site749.trusted-source.example,https://site749.trusted-source.example/products?page=71,0
tranco_plus,site750.trusted-source.example,https://site750.trusted-source.example/about/company,0
tranco_plus,site751.trusted-source.example,https://site751.trusted-source.example/blog/post-1751,0
tranco_plus,site752.trusted-source.example,https://site752.trusted-source.example/,0
tranco_plus,site753.trusted-source.example,https://site753.trusted-source.example/products?page=75,0
tranco_plus,site754.trusted-source.example,https://site754.trusted-source.example/about/company,0
tranco_plus,site755.trusted-source.example,https://site755.trusted-source.example/blog/post-1755,0
tranco_plus,site756.trusted-source.example,https://site756.trusted-source.example/,0
tranco_plus,site757.trusted-source.example,https://site757.trusted-source.example/products?page=79,0
tranco_plus,site758.trusted-source.example,https://site758.trusted-source.example/about/company,0
tranco_plus,site759.trusted-source.example,https://site759.trusted-source.example/blog/post-1759,0
tranco_plus,site760.trusted-source.example,https://site760.trusted-source.example/,0
tranco_plus,site761.trusted-source.example,https://site761.trusted-source.example/products?page=83,0
tranco_plus,site762.trusted-source.example,https://site762.trusted-source.example/about/company,0
tranco_plus,site763.trusted-source.example,https://site763.trusted-source.example/blog/post-1763,0
tranco_plus,site764.trusted-source.example,https://site764.trusted-source.example/,0
tranco_plus,site765.trusted-source.example,https://site765.trusted-source.example/products?page=87,0
tranco_plus,site766.trusted-source.example,https://site766.trusted-source.example/about/company,0
tranco_plus,site767.trusted-source.example,https://site767.trusted-source.example/blog/post-1767,0
tranco_plus,site768.trusted-source.example,https://site768.trusted-source.example/,0
tranco_plus,site769.trusted-source.example,https://site769.trusted-source.example/products?page=91,0
tranco_plus,site770.trusted-source.example,https://site770.trusted-source.example/about/company,0
tranco_plus,site771.trusted-source.example,https://site771.trusted-source.example/blog/post-1771,0
tranco_plus,site772.trusted-source.example,https://site772.trusted-source.example/,0
tranco_plus,site773.trusted-source.example,https://site773.trusted-source.example/products?page=95,0
tranco_plus,site774.trusted-source.example,https://site774.trusted-source.example/about/company,0
tranco_plus,site775.trusted-source.example,https://site775.trusted-source.example/blog/post-1775,0
tranco_plus,site776.trusted-source.example,https://site776.trusted-source.example/,0
tranco_plus,site777.trusted-source.example,https://site777.trusted-source.example/products?page=2,0
tranco_plus,site778.trusted-source.example,https://site778.trusted-source.example/about/company,0
tranco_plus,site779.trusted-source.example,https://site779.trusted-source.example/blog/post-1779,0
tranco_plus,site780.trusted-source.example,https://site780.trusted-source.example/,0
tranco_plus,site781.trusted-source.example,https://site781.trusted-source.example/products?page=6,0
tranco_plus,site782.trusted-source.example,https://site782.trusted-source.example/about/company,0
tranco_plus,site783.trusted-source.example,https://site783.trusted-source.example/blog/post-1783,0
tranco_plus,site784.trusted-source.example,https://site784.trusted-source.example/,0
tranco_plus,site785.trusted-source.example,https://site785.trusted-source.example/products?page=10,0
tranco_plus,site786.trusted-source.example,https://site786.trusted-source.example/about/company,0
tranco_plus,site787.trusted-source.example,https://site787.trusted-source.example/blog/post-1787,0
tranco_plus,site788.trusted-source.example,https://site788.trusted-source.example/,0
tranco_plus,site789.trusted-source.example,https://site789.trusted-source.example/products?page=14,0
tranco_plus,site790.trusted-source.example,https://site790.trusted-source.example/about/company,0
tranco_plus,site791.trusted-source.example,https://site791.trusted-source.example/blog/post-1791,0
tranco_plus,site792.trusted-source.example,https://site792.trusted-source.example/,0
tranco_plus,site793.trusted-source.example,https://site793.trusted-source.example/products?page=18,0
tranco_plus,site794.trusted-source.example,https://site794.trusted-source.example/about/company,0
tranco_plus,site795.trusted-source.example,https://site795.trusted-source.example/blog/post-1795,0
tranco_plus,site796.trusted-source.example,https://site796.trusted-source.example/,0
tranco_plus,site797.trusted-source.example,https://site797.trusted-source.example/products?page=22,0
tranco_plus,site798.trusted-source.example,https://site798.trusted-source.example/about/company,0
tranco_plus,site799.trusted-source.example,https://site799.trusted-source.example/blog/post-1799,0
tranco_plus,site800.trusted-source.example,https://site800.trusted-source.example/,0
tranco_plus,site801.trusted-source.example,https://site801.trusted-source.example/products?page=26,0
tranco_plus,site802.trusted-source.example,https://site802.trusted-source.example/about/company,0
tranco_plus,site803.trusted-source.example,https://site803.trusted-source.example/blog/post-1803,0
tranco_plus,site804.trusted-source.example,https://site804.trusted-source.example/,0
tranco_plus,site805.trusted-source.example,https://site805.trusted-source.example/products?page=30,0
tranco_plus,site806.trusted-source.example,https://site806.trusted-source.example/about/company,0
tranco_plus,site807.trusted-source.example,https://site807.trusted-source.example/blog/post-1807,0
tranco_plus,site808.trusted-source.example,https://site808.trusted-source.example/,0
tranco_plus,site809.trusted-source.example,https://site809.trusted-source.example/products?page=34,0
tranco_plus,site810.trusted-source.example,https://site810.trusted-source.example/about/company,0
tranco_plus,site811.trusted-source.example,https://site811.trusted-source.example/blog/post-1811,0
tranco_plus,site812.trusted-source.example,https://site812.trusted-source.example/,0
tranco_plus,site813.trusted-source.example,https://site813.trusted-source.example/products?page=38,0
tranco_plus,site814.trusted-source.example,https://site814.trusted-source.example/about/company,0
tranco_plus,site815.trusted-source.example,https://site815.trusted-source.example/blog/post-1815,0
tranco_plus,site816.trusted-source.example,https://site816.trusted-source.example/,0
tranco_plus,site817.trusted-source.example,https://site817.trusted-source.example/products?page=42,0
tranco_plus,site818.trusted-source.example,https://site818.trusted-source.example/about/company,0
tranco_plus,site819.trusted-source.example,https://site819.trusted-source.example/blog/post-1819,0
tranco_plus,site820.trusted-source.example,https://site820.trusted-source.example/,0
tranco_plus,site821.trusted-source.example,https://site821.trusted-source.example/products?page=46,0
tranco_plus,site822.trusted-source.example,https://site822.trusted-source.example/about/company,0
tranco_plus,site823.trusted-source.example,https://site823.trusted-source.example/blog/post-1823,0
tranco_plus,site824.trusted-source.example,https://site824.trusted-source.example/,0
tranco_plus,site825.trusted-source.example,https://site825.trusted-source.example/products?page=50,0
tranco_plus,site826.trusted-source.example,https://site826.trusted-source.example/about/company,0
tranco_plus,site827.trusted-source.example,https://site827.trusted-source.example/blog/post-1827,0
tranco_plus,site828.trusted-source.example,https://site828.trusted-source.example/,0
tranco_plus,site829.trusted-source.example,https://site829.trusted-source.example/products?page=54,0
tranco_plus,site830.trusted-source.example,https://site830.trusted-source.example/about/company,0
tranco_plus,site831.trusted-source.example,https://site831.trusted-source.example/blog/post-1831,0
tranco_plus,site832.trusted-source.example,https://site832.trusted-source.example/,0
tranco_plus,site833.trusted-source.example,https://site833.trusted-source.example/products?page=58,0
tranco_plus,site834.trusted-source.example,https://site834.trusted-source.example/about/company,0
tranco_plus,site835.trusted-source.example,https://site835.trusted-source.example/blog/post-1835,0
tranco_plus,site836.trusted-source.example,https://site836.trusted-source.example/,0
tranco_plus,site837.trusted-source.example,https://site837.trusted-source.example/products?page=62,0
tranco_plus,site838.trusted-source.example,https://site838.trusted-source.example/about/company,0
tranco_plus,site839.trusted-source.example,https://site839.trusted-source.example/blog/post-1839,0
tranco_plus,site840.trusted-source.example,https://site840.trusted-source.example/,0
tranco_plus,site841.trusted-source.example,https://site841.trusted-source.example/products?page=66,0
tranco_plus,site842.trusted-source.example,https://site842.trusted-source.example/about/company,0
tranco_plus,site843.trusted-source.example,https://site843.trusted-source.example/blog/post-1843,0
tranco_plus,site844.trusted-source.example,https://site844.trusted-source.example/,0
tranco_plus,site845.trusted-source.example,https://site845.trusted-source.example/products?page=70,0
tranco_plus,site846.trusted-source.example,https://site846.trusted-source.example/about/company,0
tranco_plus,site847.trusted-source.example,https://site847.trusted-source.example/blog/post-1847,0
tranco_plus,site848.trusted-source.example,https://site848.trusted-source.example/,0
tranco_plus,site849.trusted-source.example,https://site849.trusted-source.example/products?page=74,0
tranco_plus,site850.trusted-source.example,https://site850.trusted-source.example/about/company,0
tranco_plus,site851.trusted-source.example,https://site851.trusted-source.example/blog/post-1851,0
tranco_plus,site852.trusted-source.example,https://site852.trusted-source.example/,0
tranco_plus,site853.trusted-source.example,https://site853.trusted-source.example/products?page=78,0
tranco_plus,site854.trusted-source.example,https://site854.trusted-source.example/about/company,0
tranco_plus,site855.trusted-source.example,https://site855.trusted-source.example/blog/post-1855,0
tranco_plus,site856.trusted-source.example,https://site856.trusted-source.example/,0
tranco_plus,site857.trusted-source.example,https://site857.trusted-source.example/products?page=82,0
tranco_plus,site858.trusted-source.example,https://site858.trusted-source.example/about/company,0
tranco_plus,site859.trusted-source.example,https://site859.trusted-source.example/blog/post-1859,0
tranco_plus,site860.trusted-source.example,https://site860.trusted-source.example/,0
tranco_plus,site861.trusted-source.example,https://site861.trusted-source.example/products?page=86,0
tranco_plus,site862.trusted-source.example,https://site862.trusted-source.example/about/company,0
tranco_plus,site863.trusted-source.example,https://site863.trusted-source.example/blog/post-1863,0
tranco_plus,site864.trusted-source.example,https://site864.trusted-source.example/,0
tranco_plus,site865.trusted-source.example,https://site865.trusted-source.example/products?page=90,0
tranco_plus,site866.trusted-source.example,https://site866.trusted-source.example/about/company,0
tranco_plus,site867.trusted-source.example,https://site867.trusted-source.example/blog/post-1867,0
tranco_plus,site868.trusted-source.example,https://site868.trusted-source.example/,0
tranco_plus,site869.trusted-source.example,https://site869.trusted-source.example/products?page=94,0
tranco_plus,site870.trusted-source.example,https://site870.trusted-source.example/about/company,0
tranco_plus,site871.trusted-source.example,https://site871.trusted-source.example/blog/post-1871,0
tranco_plus,site872.trusted-source.example,https://site872.trusted-source.example/,0
tranco_plus,site873.trusted-source.example,https://site873.trusted-source.example/products?page=1,0
tranco_plus,site874.trusted-source.example,https://site874.trusted-source.example/about/company,0
tranco_plus,site875.trusted-source.example,https://site875.trusted-source.example/blog/post-1875,0
tranco_plus,site876.trusted-source.example,https://site876.trusted-source.example/,0
tranco_plus,site877.trusted-source.example,https://site877.trusted-source.example/products?page=5,0
tranco_plus,site878.trusted-source.example,https://site878.trusted-source.example/about/company,0
tranco_plus,site879.trusted-source.example,https://site879.trusted-source.example/blog/post-1879,0
tranco_plus,site880.trusted-source.example,https://site880.trusted-source.example/,0
tranco_plus,site881.trusted-source.example,https://site881.trusted-source.example/products?page=9,0
tranco_plus,site882.trusted-source.example,https://site882.trusted-source.example/about/company,0
tranco_plus,site883.trusted-source.example,https://site883.trusted-source.example/blog/post-1883,0
tranco_plus,site884.trusted-source.example,https://site884.trusted-source.example/,0
tranco_plus,site885.trusted-source.example,https://site885.trusted-source.example/products?page=13,0
tranco_plus,site886.trusted-source.example,https://site886.trusted-source.example/about/company,0
tranco_plus,site887.trusted-source.example,https://site887.trusted-source.example/blog/post-1887,0
tranco_plus,site888.trusted-source.example,https://site888.trusted-source.example/,0
tranco_plus,site889.trusted-source.example,https://site889.trusted-source.example/products?page=17,0
tranco_plus,site890.trusted-source.example,https://site890.trusted-source.example/about/company,0
tranco_plus,site891.trusted-source.example,https://site891.trusted-source.example/blog/post-1891,0
tranco_plus,site892.trusted-source.example,https://site892.trusted-source.example/,0
tranco_plus,site893.trusted-source.example,https://site893.trusted-source.example/products?page=21,0
tranco_plus,site894.trusted-source.example,https://site894.trusted-source.example/about/company,0
tranco_plus,site895.trusted-source.example,https://site895.trusted-source.example/blog/post-1895,0
tranco_plus,site896.trusted-source.example,https://site896.trusted-source.example/,0
tranco_plus,site897.trusted-source.example,https://site897.trusted-source.example/products?page=25,0
tranco_plus,site898.trusted-source.example,https://site898.trusted-source.example/about/company,0
tranco_plus,site899.trusted-source.example,https://site899.trusted-source.example/blog/post-1899,0
tranco_plus,site900.trusted-source.example,https://site900.trusted-source.example/,0
tranco_plus,site901.trusted-source.example,https://site901.trusted-source.example/products?page=29,0
tranco_plus,site902.trusted-source.example,https://site902.trusted-source.example/about/company,0
tranco_plus,site903.trusted-source.example,https://site903.trusted-source.example/blog/post-1903,0
tranco_plus,site904.trusted-source.example,https://site904.trusted-source.example/,0
tranco_plus,site905.trusted-source.example,https://site905.trusted-source.example/products?page=33,0
tranco_plus,site906.trusted-source.example,https://site906.trusted-source.example/about/company,0
tranco_plus,site907.trusted-source.example,https://site907.trusted-source.example/blog/post-1907,0
tranco_plus,site908.trusted-source.example,https://site908.trusted-source.example/,0
tranco_plus,site909.trusted-source.example,https://site909.trusted-source.example/products?page=37,0
tranco_plus,site910.trusted-source.example,https://site910.trusted-source.example/about/company,0
tranco_plus,site911.trusted-source.example,https://site911.trusted-source.example/blog/post-1911,0
tranco_plus,site912.trusted-source.example,https://site912.trusted-source.example/,0
tranco_plus,site913.trusted-source.example,https://site913.trusted-source.example/products?page=41,0
tranco_plus,site914.trusted-source.example,https://site914.trusted-source.example/about/company,0
tranco_plus,site915.trusted-source.example,https://site915.trusted-source.example/blog/post-1915,0
tranco_plus,site916.trusted-source.example,https://site916.trusted-source.example/,0
tranco_plus,site917.trusted-source.example,https://site917.trusted-source.example/products?page=45,0
tranco_plus,site918.trusted-source.example,https://site918.trusted-source.example/about/company,0
tranco_plus,site919.trusted-source.example,https://site919.trusted-source.example/blog/post-1919,0
tranco_plus,site920.trusted-source.example,https://site920.trusted-source.example/,0
tranco_plus,site921.trusted-source.example,https://site921.trusted-source.example/products?page=49,0
tranco_plus,site922.trusted-source.example,https://site922.trusted-source.example/about/company,0
tranco_plus,site923.trusted-source.example,https://site923.trusted-source.example/blog/post-1923,0
tranco_plus,site924.trusted-source.example,https://site924.trusted-source.example/,0
tranco_plus,site925.trusted-source.example,https://site925.trusted-source.example/products?page=53,0
tranco_plus,site926.trusted-source.example,https://site926.trusted-source.example/about/company,0
tranco_plus,site927.trusted-source.example,https://site927.trusted-source.example/blog/post-1927,0
tranco_plus,site928.trusted-source.example,https://site928.trusted-source.example/,0
tranco_plus,site929.trusted-source.example,https://site929.trusted-source.example/products?page=57,0
tranco_plus,site930.trusted-source.example,https://site930.trusted-source.example/about/company,0
tranco_plus,site931.trusted-source.example,https://site931.trusted-source.example/blog/post-1931,0
tranco_plus,site932.trusted-source.example,https://site932.trusted-source.example/,0
tranco_plus,site933.trusted-source.example,https://site933.trusted-source.example/products?page=61,0
tranco_plus,site934.trusted-source.example,https://site934.trusted-source.example/about/company,0
tranco_plus,site935.trusted-source.example,https://site935.trusted-source.example/blog/post-1935,0
tranco_plus,site936.trusted-source.example,https://site936.trusted-source.example/,0
tranco_plus,site937.trusted-source.example,https://site937.trusted-source.example/products?page=65,0
tranco_plus,site938.trusted-source.example,https://site938.trusted-source.example/about/company,0
tranco_plus,site939.trusted-source.example,https://site939.trusted-source.example/blog/post-1939,0
tranco_plus,site940.trusted-source.example,https://site940.trusted-source.example/,0
tranco_plus,site941.trusted-source.example,https://site941.trusted-source.example/products?page=69,0
tranco_plus,site942.trusted-source.example,https://site942.trusted-source.example/about/company,0
tranco_plus,site943.trusted-source.example,https://site943.trusted-source.example/blog/post-1943,0
tranco_plus,site944.trusted-source.example,https://site944.trusted-source.example/,0
tranco_plus,site945.trusted-source.example,https://site945.trusted-source.example/products?page=73,0
tranco_plus,site946.trusted-source.example,https://site946.trusted-source.example/about/company,0
tranco_plus,site947.trusted-source.example,https://site947.trusted-source.example/blog/post-1947,0
tranco_plus,site948.trusted-source.example,https://site948.trusted-source.example/,0
tranco_plus,site949.trusted-source.example,https://site949.trusted-source.example/products?page=77,0
tranco_plus,site950.trusted-source.example,https://site950.trusted-source.example/about/company,0
tranco_plus,site951.trusted-source.example,https://site951.trusted-source.example/blog/post-1951,0
tranco_plus,site952.trusted-source.example,https://site952.trusted-source.example/,0
tranco_plus,site953.trusted-source.example,https://site953.trusted-source.example/products?page=81,0
tranco_plus,site954.trusted-source.example,https://site954.trusted-source.example/about/company,0
tranco_plus,site955.trusted-source.example,https://site955.trusted-source.example/blog/post-1955,0
tranco_plus,site956.trusted-source.example,https://site956.trusted-source.example/,0
tranco_plus,site957.trusted-source.example,https://site957.trusted-source.example/products?page=85,0
tranco_plus,site958.trusted-source.example,https://site958.trusted-source.example/about/company,0
tranco_plus,site959.trusted-source.example,https://site959.trusted-source.example/blog/post-1959,0
tranco_plus,site960.trusted-source.example,https://site960.trusted-source.example/,0
tranco_plus,site961.trusted-source.example,https://site961.trusted-source.example/products?page=89,0
tranco_plus,site962.trusted-source.example,https://site962.trusted-source.example/about/company,0
tranco_plus,site963.trusted-source.example,https://site963.trusted-source.example/blog/post-1963,0
tranco_plus,site964.trusted-source.example,https://site964.trusted-source.example/,0
tranco_plus,site965.trusted-source.example,https://site965.trusted-source.example/products?page=93,0
tranco_plus,site966.trusted-source.example,https://site966.trusted-source.example/about/company,0
tranco_plus,site967.trusted-source.example,https://site967.trusted-source.example/blog/post-1967,0
tranco_plus,site968.trusted-source.example,https://site968.trusted-source.example/,0
tranco_plus,site969.trusted-source.example,https://site969.trusted-source.example/products?page=97,0
tranco_plus,site970.trusted-source.example,https://site970.trusted-source.example/about/company,0
tranco_plus,site971.trusted-source.example,https://site971.trusted-source.example/blog/post-1971,0
tranco_plus,site972.trusted-source.example,https://site972.trusted-source.example/,0
tranco_plus,site973.trusted-source.example,https://site973.trusted-source.example/products?page=4,0
tranco_plus,site974.trusted-source.example,https://site974.trusted-source.example/about/company,0
tranco_plus,site975.trusted-source.example,https://site975.trusted-source.example/blog/post-1975,0
tranco_plus,site976.trusted-source.example,https://site976.trusted-source.example/,0
tranco_plus,site977.trusted-source.example,https://site977.trusted-source.example/products?page=8,0
tranco_plus,site978.trusted-source.example,https://site978.trusted-source.example/about/company,0
tranco_plus,site979.trusted-source.example,https://site979.trusted-source.example/blog/post-1979,0
tranco_plus,site980.trusted-source.example,https://site980.trusted-source.example/,0
tranco_plus,site981.trusted-source.example,https://site981.trusted-source.example/products?page=12,0
tranco_plus,site982.trusted-source.example,https://site982.trusted-source.example/about/company,0
tranco_plus,site983.trusted-source.example,https://site983.trusted-source.example/blog/post-1983,0
tranco_plus,site984.trusted-source.example,https://site984.trusted-source.example/,0
tranco_plus,site985.trusted-source.example,https://site985.trusted-source.example/products?page=16,0
tranco_plus,site986.trusted-source.example,https://site986.trusted-source.example/about/company,0
tranco_plus,site987.trusted-source.example,https://site987.trusted-source.example/blog/post-1987,0
tranco_plus,site988.trusted-source.example,https://site988.trusted-source.example/,0
tranco_plus,site989.trusted-source.example,https://site989.trusted-source.example/products?page=20,0
tranco_plus,site990.trusted-source.example,https://site990.trusted-source.example/about/company,0
tranco_plus,site991.trusted-source.example,https://site991.trusted-source.example/blog/post-1991,0
tranco_plus,site992.trusted-source.example,https://site992.trusted-source.example/,0
tranco_plus,site993.trusted-source.example,https://site993.trusted-source.example/products?page=24,0
tranco_plus,site994.trusted-source.example,https://site994.trusted-source.example/about/company,0
tranco_plus,site995.trusted-source.example,https://site995.trusted-source.example/blog/post-1995,0
tranco_plus,site996.trusted-source.example,https://site996.trusted-source.example/,0
tranco_plus,site997.trusted-source.example,https://site997.trusted-source.example/products?page=28,0
tranco_plus,site998.trusted-source.example,https://site998.trusted-source.example/about/company,0
tranco_plus,site999.trusted-source.example,https://site999.trusted-source.example/blog/post-1999,0
